<?xml version="1.0" encoding="UTF-8"?>
<!DOCTYPE properties SYSTEM "http://java.sun.com/dtd/properties.dtd">
<properties>
  <comment>
    $Id: messages.xml 28 2014-02-15 01:00:33Z andreas-draeger $
    $URL: https://svn.code.sf.net/p/sbml2latex/code/trunk/resources/cz/kebrt/html2latex/messages.xml $
    ---------------------------------------------------------------------
    This file is part of SBML2LaTeX, a program that creates 
    human-readable reports for given SBML files.
    
    Copyright (C) 2008-2014 by the University of Tuebingen, Germany.
    
    This program is free software: you can redistribute it and/or modify
    it under the terms of the GNU General Public License as published by
    the Free Software Foundation, either version 3 of the License, or
    (at your option) any later version.
    
    This program is distributed in the hope that it will be useful,
    but WITHOUT ANY WARRANTY; without even the implied warranty of
    MERCHANTABILITY or FITNESS FOR A PARTICULAR PURPOSE. See the
    GNU General Public License for more details.
    
    You should have received a copy of the GNU General Public License
    along with this program. If not, see http://www.gnu.org/licenses/.
    ---------------------------------------------------------------------
    
    This configuration provides locale-dependent names for labels in
	a (graphical) user interface.
	
	Version: $Rev: 28 $
  </comment>
  
  <entry key="NO_SUCH_CONFIG_ITEM">Cannot find specified configuration item "{0}".</entry>
  <entry key="FATAL_ERROR">Fatal error: {0}</entry>
  <entry key="ERROR">Error: {0}</entry>
  <entry key="CANNOT_FIND_CSS_FILE">Cannot read the CSS file.</entry>
  <entry key="CANNOT_LOAD_CONFIGURATION">Cannot load configuration: {0}</entry>
  <entry key="CANNOT_CLOSE_OUTPUT_FILE">Cannot close the output file: {0}.</entry>
  <entry key="CANNOT_OPEN_OUTPUT_FILE">Cannot open the output file: {0}.</entry>
  
</properties>
