<?xml version="1.0" encoding="UTF-8"?>
<!DOCTYPE properties SYSTEM "http://java.sun.com/dtd/properties.dtd">
<properties>
  <comment>
    ----------------------------------------------------------------------------
    This file is part of JSBML. Please visit http://sbml.org/Software/JSBML
    for the latest version of JSBML and more information about SBML.

    Copyright (C) 2009-2018 jointly by the following organizations:
    1. The University of Tuebingen, Germany
    2. EMBL European Bioinformatics Institute (EBML-EBI), Hinxton, UK
    3. The California Institute of Technology, Pasadena, CA, USA
    4. The University of California, San Diego, La Jolla, CA, USA
    5. The Babraham Institute, Cambridge, UK

    This library is free software; you can redistribute it and/or modify it
    under the terms of the GNU Lesser General Public License as published by
    the Free Software Foundation. A copy of the license agreement is provided
    in the file named "LICENSE.txt" included with this software distribution
    and also available online as http://sbml.org/Software/JSBML/License.
    ----------------------------------------------------------------------------

    A collection of text messages to be presented to uses upon certain events.

    Author:  Andreas Dräger
    Since:   1.0
  </comment>
  
  <entry key="ADDING_ELEMENT_TO_LIBSBML_FAILED">Adding element \"{1}\" of type {0} to libSBML failed{2}.</entry>
  <entry key="CANNOT_CHANGE_ELEMENT">Cannot change the element {0} in the libSBML document.</entry>
  <entry key="CANNOT_CHANGE_ELEMENT_BECAUSE_OF_MISSING_PARENT">Cannot change the element {0} in the libSBML document, because there was no parent SBML object found.</entry>
  <entry key="CANNOT_FIND_ELEMENT">Cannot find the element {0} in the libSBML document.</entry>
  <entry key="CANNOT_REMOVE_ELEMENT">Cannot remove the element {0} in the libSBML document.</entry>
  <entry key="PLUGINS_ARE_IGNORED">The SBML document contains extension packages. These are not supported by the libSBML reader and will therefore be lost after reading.</entry>
  <entry key="PLUGINS_CURRENTLY_NOT_SUPPORTED">Plugins are currently not supported. The element {0} can therefore not be considered.</entry>
  
</properties>