<Font name="jlm_cmti10.ttf" id="jlm_cmti10" space="0.357776" xHeight="0.430555" quad="1.022217" romanVersion="jlm_cmr10" boldVersion="jlm_cmbxti10" ttVersion="jlm_cmtt10" ssVersion="jlm_cmssi10">
   <Char code="161" width="0.627218" height="0.683332" italic="0.133055" />
   <Char code="162" width="0.817774" height="0.683332" />
   <Char code="163" width="0.766663" height="0.683332" italic="0.0940275" />
   <Char code="164" width="0.692218" height="0.683332" />
   <Char code="165" width="0.664441" height="0.683332" italic="0.152944" />
   <Char code="166" width="0.743329" height="0.683332" italic="0.16389" />
   <Char code="167" width="0.715551" height="0.683332" italic="0.120277" />
   <Char code="168" width="0.766663" height="0.683332" italic="0.111112" />
   <Char code="169" width="0.715551" height="0.683332" italic="0.059862" />
   <Char code="170" width="0.766663" height="0.683332" italic="0.111112" />
   <Char code="173" width="0.715551" height="0.683332" italic="0.10257" />
   <Char code="174" width="0.61333" height="0.694445" depth="0.194445" italic="0.211945" >
      <Lig code="105" ligCode="177"/>
      <Lig code="108" ligCode="178"/>
      <Kern code="39" val="0.104306"/>
      <Kern code="63" val="0.104306"/>
      <Kern code="33" val="0.104306"/>
      <Kern code="41" val="0.104306"/>
      <Kern code="93" val="0.104306"/>
   </Char>
   <Char code="175" width="0.56222" height="0.694445" depth="0.194445" italic="0.103334" />
   <Char code="176" width="0.587774" height="0.694445" depth="0.194445" italic="0.103334" />
   <Char code="177" width="0.881662" height="0.694445" depth="0.194445" italic="0.103334" />
   <Char code="178" width="0.89444" height="0.694445" depth="0.194445" italic="0.103334" />
   <Char code="179" width="0.306665" height="0.430555" italic="0.076714" />
   <Char code="180" width="0.33222" height="0.430555" depth="0.194445" italic="0.037361" />
   <Char code="181" width="0.511108" height="0.694445" />
   <Char code="182" width="0.511108" height="0.694445" italic="0.096945" />
   <Char code="183" width="0.511108" height="0.628473" italic="0.0829525" />
   <Char code="184" width="0.511108" height="0.694445" italic="0.108057" />
   <Char code="185" width="0.511108" height="0.561666" italic="0.103334" />
   <Char code="186" width="0.831291" height="0.694445" />
   <Char code="187" width="0.459997" depth="0.170138" />
   <Char code="188" width="0.536664" height="0.694445" depth="0.194445" italic="0.105138" />
   <Char code="189" width="0.715551" height="0.430555" italic="0.075139" />
   <Char code="190" width="0.715551" height="0.430555" italic="0.075139" />
   <Char code="191" width="0.511108" height="0.527779" depth="0.097223" italic="0.091945" />
   <Char code="192" width="0.882772" height="0.683332" italic="0.120277" />
   <Char code="193" width="0.984995" height="0.683332" italic="0.120277" />
   <Char code="194" width="0.766663" height="0.731944" depth="0.048612" italic="0.0940275" />
   <Char code="195" width="0.255554" height="0.430555" >
      <Kern code="108" val="-0.255554"/>
      <Kern code="76" val="-0.320554"/>
   </Char>
   <Char code="33" width="0.306665" height="0.694445" italic="0.124168" >
      <Lig code="96" ligCode="60"/>
   </Char>
   <Char code="34" width="0.514442" height="0.694445" italic="0.0696125" />
   <Char code="35" width="0.817774" height="0.694445" depth="0.194443" italic="0.066164" />
   <Char code="36" width="0.7690935" height="0.694445" />
   <Char code="37" width="0.817774" height="0.75" depth="0.055555" italic="0.136389" />
   <Char code="38" width="0.766663" height="0.694445" italic="0.096945" />
   <Char code="39" width="0.306665" height="0.694445" italic="0.124168" >
      <Lig code="39" ligCode="34"/>
      <Kern code="63" val="0.1022215"/>
      <Kern code="33" val="0.1022215"/>
   </Char>
   <Char code="40" width="0.408887" height="0.75" depth="0.25" italic="0.161944" >
     <NextLarger fontId="jlm_cmex10" code="161"/>
   </Char>
   <Char code="41" width="0.408887" height="0.75" depth="0.25" italic="0.036944" >
     <NextLarger fontId="jlm_cmex10" code="162"/>
   </Char>
   <Char code="42" width="0.511108" height="0.75" italic="0.149167" />
   <Char code="43" width="0.766663" height="0.561666" depth="0.056665" italic="0.036944" />
   <Char code="44" width="0.306665" height="0.105556" depth="0.194445" />
   <Char code="45" width="0.357776" height="0.430555" italic="0.028264" >
      <Lig code="45" ligCode="123"/>
   </Char>
   <Char code="46" width="0.306665" height="0.105556" />
   <Char code="47" width="0.511108" height="0.75" depth="0.25" italic="0.161944" >
     <NextLarger fontId="jlm_cmex10" code="177"/>
   </Char>
   <Char code="48" width="0.511108" height="0.644444" italic="0.135556" />
   <Char code="49" width="0.511108" height="0.644444" italic="0.135556" />
   <Char code="50" width="0.511108" height="0.644444" italic="0.135556" />
   <Char code="51" width="0.511108" height="0.644444" italic="0.135556" />
   <Char code="52" width="0.511108" height="0.644444" depth="0.194445" italic="0.135556" />
   <Char code="53" width="0.511108" height="0.644444" italic="0.135556" />
   <Char code="54" width="0.511108" height="0.644444" italic="0.135556" />
   <Char code="55" width="0.511108" height="0.644444" depth="0.194445" italic="0.135556" />
   <Char code="56" width="0.511108" height="0.644444" italic="0.135556" />
   <Char code="57" width="0.511108" height="0.644444" italic="0.135556" />
   <Char code="58" width="0.306665" height="0.430555" italic="0.058195" />
   <Char code="59" width="0.306665" height="0.430555" depth="0.194445" italic="0.058195" />
   <Char code="60" width="0.306665" height="0.5" depth="0.194445" italic="0.075557" />
   <Char code="61" width="0.766663" height="0.366875" depth="-0.133125" italic="0.066164" />
   <Char code="62" width="0.511108" height="0.5" depth="0.194445" />
   <Char code="63" width="0.511108" height="0.694445" italic="0.1225" >
      <Lig code="96" ligCode="62"/>
   </Char>
   <Char code="64" width="0.766663" height="0.694445" italic="0.095972" />
   <Char code="65" width="0.743329" height="0.683332" >
      <Kern code="110" val="-0.025556"/>
      <Kern code="108" val="-0.025556"/>
      <Kern code="114" val="-0.025556"/>
      <Kern code="117" val="-0.025556"/>
      <Kern code="109" val="-0.025556"/>
      <Kern code="116" val="-0.025556"/>
      <Kern code="105" val="-0.025556"/>
      <Kern code="67" val="-0.025556"/>
      <Kern code="79" val="-0.025556"/>
      <Kern code="71" val="-0.025556"/>
      <Kern code="104" val="-0.025556"/>
      <Kern code="98" val="-0.025556"/>
      <Kern code="85" val="-0.025556"/>
      <Kern code="107" val="-0.025556"/>
      <Kern code="118" val="-0.025556"/>
      <Kern code="119" val="-0.025556"/>
      <Kern code="81" val="-0.025556"/>
      <Kern code="84" val="-0.076666"/>
      <Kern code="89" val="-0.076666"/>
      <Kern code="86" val="-0.1022215"/>
      <Kern code="87" val="-0.1022215"/>
      <Kern code="101" val="-0.051111"/>
      <Kern code="97" val="-0.051111"/>
      <Kern code="111" val="-0.051111"/>
      <Kern code="100" val="-0.051111"/>
      <Kern code="99" val="-0.051111"/>
      <Kern code="103" val="-0.051111"/>
      <Kern code="113" val="-0.051111"/>
   </Char>
   <Char code="66" width="0.703885" height="0.683332" italic="0.10257" />
   <Char code="67" width="0.715551" height="0.683332" italic="0.145277" />
   <Char code="68" width="0.754995" height="0.683332" italic="0.0940275" >
      <Kern code="88" val="-0.025556"/>
      <Kern code="87" val="-0.025556"/>
      <Kern code="65" val="-0.025556"/>
      <Kern code="86" val="-0.025556"/>
      <Kern code="89" val="-0.025556"/>
   </Char>
   <Char code="69" width="0.678329" height="0.683332" italic="0.120277" />
   <Char code="70" width="0.652774" height="0.683332" italic="0.133055" >
      <Kern code="111" val="-0.076666"/>
      <Kern code="101" val="-0.076666"/>
      <Kern code="117" val="-0.076666"/>
      <Kern code="114" val="-0.076666"/>
      <Kern code="97" val="-0.076666"/>
      <Kern code="65" val="-0.1022215"/>
      <Kern code="79" val="-0.025556"/>
      <Kern code="67" val="-0.025556"/>
      <Kern code="71" val="-0.025556"/>
      <Kern code="81" val="-0.025556"/>
   </Char>
   <Char code="71" width="0.773607" height="0.683332" italic="0.087222" />
   <Char code="72" width="0.743329" height="0.683332" italic="0.16389" />
   <Char code="73" width="0.385553" height="0.683332" italic="0.158055" />
   <Char code="74" width="0.524997" height="0.683332" italic="0.140279" />
   <Char code="75" width="0.768885" height="0.683332" italic="0.145277" >
      <Kern code="79" val="-0.025556"/>
      <Kern code="67" val="-0.025556"/>
      <Kern code="71" val="-0.025556"/>
      <Kern code="81" val="-0.025556"/>
   </Char>
   <Char code="76" width="0.627218" height="0.683332" >
      <Kern code="84" val="-0.076666"/>
      <Kern code="89" val="-0.076666"/>
      <Kern code="86" val="-0.1022215"/>
      <Kern code="87" val="-0.1022215"/>
      <Kern code="101" val="-0.051111"/>
      <Kern code="97" val="-0.051111"/>
      <Kern code="111" val="-0.051111"/>
      <Kern code="100" val="-0.051111"/>
      <Kern code="99" val="-0.051111"/>
      <Kern code="103" val="-0.051111"/>
      <Kern code="113" val="-0.051111"/>
   </Char>
   <Char code="77" width="0.896662" height="0.683332" italic="0.16389" />
   <Char code="78" width="0.743329" height="0.683332" italic="0.16389" />
   <Char code="79" width="0.766663" height="0.683332" italic="0.0940275" >
      <Kern code="88" val="-0.025556"/>
      <Kern code="87" val="-0.025556"/>
      <Kern code="65" val="-0.025556"/>
      <Kern code="86" val="-0.025556"/>
      <Kern code="89" val="-0.025556"/>
   </Char>
   <Char code="80" width="0.678329" height="0.683332" italic="0.10257" >
      <Kern code="65" val="-0.076666"/>
   </Char>
   <Char code="81" width="0.766663" height="0.683332" depth="0.194445" italic="0.0940275" />
   <Char code="82" width="0.729441" height="0.683332" italic="0.038681" >
      <Kern code="110" val="-0.025556"/>
      <Kern code="108" val="-0.025556"/>
      <Kern code="114" val="-0.025556"/>
      <Kern code="117" val="-0.025556"/>
      <Kern code="109" val="-0.025556"/>
      <Kern code="116" val="-0.025556"/>
      <Kern code="105" val="-0.025556"/>
      <Kern code="67" val="-0.025556"/>
      <Kern code="79" val="-0.025556"/>
      <Kern code="71" val="-0.025556"/>
      <Kern code="104" val="-0.025556"/>
      <Kern code="98" val="-0.025556"/>
      <Kern code="85" val="-0.025556"/>
      <Kern code="107" val="-0.025556"/>
      <Kern code="118" val="-0.025556"/>
      <Kern code="119" val="-0.025556"/>
      <Kern code="81" val="-0.025556"/>
      <Kern code="84" val="-0.076666"/>
      <Kern code="89" val="-0.076666"/>
      <Kern code="86" val="-0.1022215"/>
      <Kern code="87" val="-0.1022215"/>
      <Kern code="101" val="-0.051111"/>
      <Kern code="97" val="-0.051111"/>
      <Kern code="111" val="-0.051111"/>
      <Kern code="100" val="-0.051111"/>
      <Kern code="99" val="-0.051111"/>
      <Kern code="103" val="-0.051111"/>
      <Kern code="113" val="-0.051111"/>
   </Char>
   <Char code="83" width="0.56222" height="0.683332" italic="0.119722" />
   <Char code="84" width="0.715551" height="0.683332" italic="0.133055" >
      <Kern code="121" val="-0.076666"/>
      <Kern code="101" val="-0.076666"/>
      <Kern code="111" val="-0.076666"/>
      <Kern code="114" val="-0.076666"/>
      <Kern code="97" val="-0.076666"/>
      <Kern code="117" val="-0.076666"/>
      <Kern code="65" val="-0.076666"/>
   </Char>
   <Char code="85" width="0.743329" height="0.683332" italic="0.16389" />
   <Char code="86" width="0.743329" height="0.683332" italic="0.183611" >
      <Kern code="111" val="-0.076666"/>
      <Kern code="101" val="-0.076666"/>
      <Kern code="117" val="-0.076666"/>
      <Kern code="114" val="-0.076666"/>
      <Kern code="97" val="-0.076666"/>
      <Kern code="65" val="-0.1022215"/>
      <Kern code="79" val="-0.025556"/>
      <Kern code="67" val="-0.025556"/>
      <Kern code="71" val="-0.025556"/>
      <Kern code="81" val="-0.025556"/>
   </Char>
   <Char code="87" width="0.998883" height="0.683332" italic="0.183611" >
      <Kern code="65" val="-0.076666"/>
   </Char>
   <Char code="88" width="0.743329" height="0.683332" italic="0.158055" >
      <Kern code="79" val="-0.025556"/>
      <Kern code="67" val="-0.025556"/>
      <Kern code="71" val="-0.025556"/>
      <Kern code="81" val="-0.025556"/>
   </Char>
   <Char code="89" width="0.743329" height="0.683332" italic="0.193832" >
      <Kern code="101" val="-0.076666"/>
      <Kern code="111" val="-0.076666"/>
      <Kern code="114" val="-0.076666"/>
      <Kern code="97" val="-0.076666"/>
      <Kern code="117" val="-0.076666"/>
      <Kern code="65" val="-0.076666"/>
   </Char>
   <Char code="90" width="0.61333" height="0.683332" italic="0.145277" />
   <Char code="91" width="0.306665" height="0.75" depth="0.25" italic="0.1875" >
     <NextLarger fontId="jlm_cmex10" code="163"/>
   </Char>
   <Char code="92" width="0.514442" height="0.694445" italic="0.1685" />
   <Char code="93" width="0.306665" height="0.75" depth="0.25" italic="0.105278" >
     <NextLarger fontId="jlm_cmex10" code="164"/>
   </Char>
   <Char code="94" width="0.511108" height="0.694445" italic="0.06646" />
   <Char code="95" width="0.306665" height="0.667859" italic="0.117521" />
   <Char code="96" width="0.306665" height="0.694445" italic="0.124168" >
      <Lig code="96" ligCode="92"/>
   </Char>
   <Char code="97" width="0.511108" height="0.430555" italic="0.076714" />
   <Char code="98" width="0.459997" height="0.694445" italic="0.063124" >
      <Kern code="101" val="-0.051111"/>
      <Kern code="97" val="-0.051111"/>
      <Kern code="111" val="-0.051111"/>
      <Kern code="100" val="-0.051111"/>
      <Kern code="99" val="-0.051111"/>
      <Kern code="103" val="-0.051111"/>
      <Kern code="113" val="-0.051111"/>
   </Char>
   <Char code="99" width="0.459997" height="0.430555" italic="0.056528" >
      <Kern code="101" val="-0.051111"/>
      <Kern code="97" val="-0.051111"/>
      <Kern code="111" val="-0.051111"/>
      <Kern code="100" val="-0.051111"/>
      <Kern code="99" val="-0.051111"/>
      <Kern code="103" val="-0.051111"/>
      <Kern code="113" val="-0.051111"/>
   </Char>
   <Char code="100" width="0.511108" height="0.694445" italic="0.103334" >
      <Kern code="108" val="0.051111"/>
   </Char>
   <Char code="101" width="0.459997" height="0.430555" italic="0.075139" >
      <Kern code="101" val="-0.051111"/>
      <Kern code="97" val="-0.051111"/>
      <Kern code="111" val="-0.051111"/>
      <Kern code="100" val="-0.051111"/>
      <Kern code="99" val="-0.051111"/>
      <Kern code="103" val="-0.051111"/>
      <Kern code="113" val="-0.051111"/>
   </Char>
   <Char code="102" width="0.306665" height="0.694445" depth="0.194445" italic="0.211945" >
      <Lig code="105" ligCode="175"/>
      <Lig code="102" ligCode="174"/>
      <Lig code="108" ligCode="176"/>
      <Kern code="39" val="0.104306"/>
      <Kern code="63" val="0.104306"/>
      <Kern code="33" val="0.104306"/>
      <Kern code="41" val="0.104306"/>
      <Kern code="93" val="0.104306"/>
   </Char>
   <Char code="103" width="0.459997" height="0.430555" depth="0.194445" italic="0.088472" />
   <Char code="104" width="0.511108" height="0.694445" italic="0.076714" />
   <Char code="105" width="0.306665" height="0.655359" italic="0.101896" />
   <Char code="106" width="0.306665" height="0.655359" depth="0.194445" italic="0.144673" />
   <Char code="107" width="0.459997" height="0.694445" italic="0.107638" />
   <Char code="108" width="0.255554" height="0.694445" italic="0.103334" >
      <Kern code="108" val="0.051111"/>
   </Char>
   <Char code="109" width="0.817774" height="0.430555" italic="0.076714" />
   <Char code="110" width="0.56222" height="0.430555" italic="0.076714" >
      <Kern code="39" val="-0.1022215"/>
   </Char>
   <Char code="111" width="0.511108" height="0.430555" italic="0.063124" >
      <Kern code="101" val="-0.051111"/>
      <Kern code="97" val="-0.051111"/>
      <Kern code="111" val="-0.051111"/>
      <Kern code="100" val="-0.051111"/>
      <Kern code="99" val="-0.051111"/>
      <Kern code="103" val="-0.051111"/>
      <Kern code="113" val="-0.051111"/>
   </Char>
   <Char code="112" width="0.511108" height="0.430555" depth="0.194445" italic="0.063124" >
      <Kern code="101" val="-0.051111"/>
      <Kern code="97" val="-0.051111"/>
      <Kern code="111" val="-0.051111"/>
      <Kern code="100" val="-0.051111"/>
      <Kern code="99" val="-0.051111"/>
      <Kern code="103" val="-0.051111"/>
      <Kern code="113" val="-0.051111"/>
   </Char>
   <Char code="113" width="0.459997" height="0.430555" depth="0.194445" italic="0.088472" />
   <Char code="114" width="0.421664" height="0.430555" italic="0.107638" >
      <Kern code="101" val="-0.051111"/>
      <Kern code="97" val="-0.051111"/>
      <Kern code="111" val="-0.051111"/>
      <Kern code="100" val="-0.051111"/>
      <Kern code="99" val="-0.051111"/>
      <Kern code="103" val="-0.051111"/>
      <Kern code="113" val="-0.051111"/>
   </Char>
   <Char code="115" width="0.408887" height="0.430555" italic="0.082083" />
   <Char code="116" width="0.33222" height="0.61508" italic="0.094861" />
   <Char code="117" width="0.536664" height="0.430555" italic="0.076714" />
   <Char code="118" width="0.459997" height="0.430555" italic="0.107638" />
   <Char code="119" width="0.664441" height="0.430555" italic="0.107638" >
      <Kern code="108" val="0.051111"/>
   </Char>
   <Char code="120" width="0.463887" height="0.430555" italic="0.120417" />
   <Char code="121" width="0.485553" height="0.430555" depth="0.194445" italic="0.088472" />
   <Char code="122" width="0.408887" height="0.430555" italic="0.122917" />
   <Char code="123" width="0.511108" height="0.430555" italic="0.092079" >
      <Lig code="45" ligCode="124"/>
   </Char>
   <Char code="124" width="1.022217" height="0.430555" italic="0.092079" />
   <Char code="125" width="0.511108" height="0.694445" italic="0.1225" />
   <Char code="126" width="0.511108" height="0.667859" italic="0.115854" />
   <Char code="196" width="0.511108" height="0.667859" italic="0.104744" />
   <Char code="197" width="0.306592" height="0.022" depth="0.178" italic="0.178"/>
</Font>

