<?xml version="1.0" encoding="UTF-8" standalone="no"?>
<Gadget>
    <UUID>SBMLsqueezerUI</UUID>
    <Name>SBMLsqueezer</Name>
    <LaunchCommand>open "gadgets/SBMLsqueezerUI/SBMLsqueezer-1.4-with-dependencies.jar"/</LaunchCommand>
    <IconPaths>
        <Icon32Path>icons/SBMLsqueezerIcon_64.png</Icon32Path>
    </IconPaths>
    <Snapshots>
        <SnapshotPath>snapshot/Screenshot_1.png</SnapshotPath>
        <SnapshotPath>snapshot/Screenshot_2.png</SnapshotPath>
        <SnapshotPath>snapshot/Screenshot_3.png</SnapshotPath>
    </Snapshots>
    <Categories>
        <Category>Analytics</Category>
        <Category>Kinetic modeling</Category>
    </Categories>
    <Provider>Center for Bioinformatics Tuebingen (ZBIT)</Provider>
    <Description>SBMLsqueezer generates kinetic equations for biochemical networks according to context of each reaction. When used as a plug-in for CellDesigner it uses the information from the SBGN representation of all network components. In the stand-alone mode, SBMLsqueezer evaluates the Systems Biology Ontology (SBO) annotations to extract this information. An online version of SBMLsqueezer is available that runs without instally any software on the local machine. The rate laws that can be produced by SBMLsqueezer include several types of generalized mass action; detailed and generalized enzyme kinetics, various types of Hill equations, S- and H-systems, and additive models for gene regulation. User defined settings specify which equation to apply for any type of reaction and how to ensure unit consistency of the model. Equations can be created using contextual menus. All newly created parameters are equipped with the derived unit and annotated with SBO terms if available and meaningful textual names. MathML is inserted directly into the SBML file. LaTeX or text export of ordinary differential equations is provided.</Description>
    <LoadableKeys>
        <InputFileFormat>
            <FileExtension>xml</FileExtension>
            <FileFormat>SBML</FileFormat>
        </InputFileFormat>
        <InputFileFormat>
            <FileExtension>sbml</FileExtension>
            <FileFormat>SBML</FileFormat>
        </InputFileFormat>
        <OutputFileFormat>
            <FileExtension>xml</FileExtension>
            <FileFormat>SBML</FileFormat>
        </OutputFileFormat>
        <OutputFileFormat>
            <FileExtension>sbml</FileExtension>
            <FileFormat>SBML</FileFormat>
        </OutputFileFormat>
    </LoadableKeys>
    <LaunchEnv>
        <Id>f22aa6a2-beff-4487-b838-03b8275a4361</Id>
    </LaunchEnv>
</Gadget>
